texte1,texte2
"The sun rises in the east every morning.","The sun sets in the west every evening."
"I enjoy drinking coffee on weekends.","I love sipping tea on weekdays."
"The cat sleeps on the couch.","The dog plays in the yard."
"Programming in Python is fun.","Coding in Java is challenging."
"The sky is clear and blue today.","The sky is cloudy and gray today."
"She walked to the park yesterday.","She ran to the store today."
"Books are a great source of knowledge.","Movies are a great source of entertainment."
"The car broke down on the highway.","The bike got a flat tire on the road."
"I need to finish my homework tonight.","I must complete my project by tomorrow."
"The flowers bloom in spring.","The leaves fall in autumn."
"He plays soccer with his friends.","She reads books with her sister."
"The restaurant serves Italian food.","The cafe offers French pastries."
"The river flows through the valley.","The stream runs through the forest."
"I bought a new phone last week.","I purchased a new laptop last month."
"The teacher explains the lesson clearly.","The professor lectures on complex topics."
"The beach is crowded in summer.","The park is quiet in winter."
"The clock ticks loudly in the room.","The fan hums softly in the corner."
"The child draws with crayons.","The artist paints with oils."
"The mountain trail is steep.","The forest path is flat."
"They traveled to Paris last year.","They visited London this year."
"The soup is too salty.","The stew is very spicy."
"The house has a red door.","The apartment has a blue window."
"The concert starts at 8 PM.","The movie begins at 9 PM."
"I wear glasses to read.","I use contacts to see far."
"The bakery sells fresh bread.","The market sells fresh fruit."
"The bird sings in the tree.","The frog croaks by the pond."
"The city is noisy at night.","The village is peaceful at dawn."
"The shirt is made of cotton.","The dress is made of silk."
"The exam was difficult.","The quiz was easy."
"The stars shine brightly tonight.","The moon glows softly tonight."
"The computer crashed again.","The tablet froze suddenly."
"The rain stopped this afternoon.","The snow started this evening."
"The dog barked at the stranger.","The cat meowed at the owner."
"The phone rang during the meeting.","The doorbell buzzed during dinner."
"The road is under construction.","The bridge is being repaired."
"The museum displays ancient artifacts.","The gallery showcases modern art."
"The baby cries when hungry.","The toddler laughs when happy."
"The train arrives on time.","The bus departs late."
"The coffee shop is always busy.","The library is usually quiet."
"The sunset paints the sky orange.","The sunrise colors the sky pink."
"The jacket is too tight.","The sweater is too loose."
"The wind blows gently today.","The storm rages fiercely tonight."
"The clock shows the wrong time.","The watch keeps perfect time."
"The garden needs more water.","The lawn needs more sunlight."
"The team won the championship.","The player scored the goal."
"The recipe calls for sugar.","The dish requires salt."
"The forest is dense with trees.","The desert is vast with sand."
"The meeting was productive.","The discussion was pointless."
"The lamp lights up the room.","The candle flickers in the dark."
"The child learns quickly.","The student studies diligently."
"The phone battery lasts all day.","The laptop battery dies quickly."
"The ocean waves crash loudly.","The lake water ripples quietly."
"The painting hangs on the wall.","The photo sits on the shelf."
"The market opens at 7 AM.","The store closes at 10 PM."
"The teacher writes on the board.","The student takes notes in the book."
"The pizza tastes delicious.","The pasta smells amazing."
"The airplane flies high.","The helicopter hovers low."
"The festival attracts many tourists.","The parade draws a large crowd."
"The pen writes smoothly.","The pencil sketches lightly."
"The chair is made of wood.","The table is made of glass."
"The riverbank is muddy.","The lakeshore is sandy."
"The movie theater is packed.","The concert hall is empty."
"The email was sent yesterday.","The letter was mailed today."
"The soup warms the body.","The ice cream cools the mouth."
"The runner trains every day.","The swimmer practices every morning."
"The clock tower chimes hourly.","The church bell rings daily."
"The dog chases its tail.","The cat hunts a mouse."
"The book has 300 pages.","The magazine has 50 pages."
"The sky turned dark suddenly.","The room lit up instantly."
"The apple tastes sweet.","The lemon tastes sour."
"The car drives smoothly.","The truck moves slowly."
"The park bench is wooden.","The garden chair is metal."
"The teacher assigns homework.","The coach gives instructions."
"The radio plays music.","The TV shows news."
"The forest trail winds uphill.","The mountain path climbs steeply."
"The bakery smells of bread.","The kitchen smells of spices."
"The child draws a house.","The artist sketches a portrait."
"The sun shines brightly.","The moon glows dimly."
"The rain falls heavily.","The snow falls lightly."
"The dog sleeps on the mat.","The cat rests on the cushion."
"The phone screen is cracked.","The laptop screen is clear."
"The beach stretches for miles.","The river bends around the hill."
"The teacher praises the student.","The boss scolds the employee."
"The clock hands move slowly.","The timer counts down quickly."
"The market sells fresh vegetables.","The store offers frozen meals."
"The bird flies south in winter.","The fish swims deep in the ocean."
"The car horn honks loudly.","The bike bell rings softly."
"The forest echoes with sounds.","The desert stretches in silence."
"The soup simmers on the stove.","The cake bakes in the oven."
"The child plays with toys.","The adult works on projects."
"The street is busy with traffic.","The alley is quiet and empty."
"The phone vibrates on the table.","The laptop hums on the desk."
"The garden blooms with flowers.","The field grows with crops."
"The train travels across the country.","The bus stops at every station."
"The movie ends with a twist.","The book concludes with a cliffhanger."
"The teacher lectures in the classroom.","The speaker presents at the conference."
"The rain taps on the window.","The wind howls through the trees."
"The dog wags its tail happily.","The cat purrs contentedly."
"The clock strikes midnight.","The bell tolls at noon."
"The festival lights up the town.","The carnival fills the streets."
"The pen runs out of ink.","The marker still writes well."
"The shirt fits perfectly.","The pants are too short."
"The river flows swiftly.","The stream trickles slowly."
"The museum closes on Mondays.","The library opens on Sundays."
"The child sings a song.","The adult hums a tune."
"The sky clears after the storm.","The fog settles in the valley."
"The pizza arrives hot.","The ice cream melts quickly."
"The runner crosses the finish line.","The cyclist pedals uphill."
"The lamp casts a warm glow.","The flashlight shines a bright beam."
"The dog digs in the yard.","The cat climbs the tree."
"The book tells a thrilling story.","The article explains a complex topic."
"The sun heats the earth.","The moon reflects the light."
"The rain floods the streets.","The snow covers the roads."
"The teacher grades the exams.","The student submits the assignment."
"The phone rings in the morning.","The alarm wakes me at dawn."
"The market buzzes with people.","The park whispers with breezes."
"The bird nests in the tree.","The squirrel hides in the bush."
"The car parks in the garage.","The bike leans against the wall."
"The soup bowl is empty.","The salad plate is full."
"The runner sweats after the race.","The swimmer dries off after the dive."
"The clock hangs on the wall.","The calendar sits on the desk."
"The festival celebrates culture.","The parade honors history."
"The pen writes in blue ink.","The marker draws in red."
"The shirt stains easily.","The jacket repels water."
"The river reflects the sky.","The lake mirrors the mountains."
"The museum displays sculptures.","The gallery exhibits paintings."
"The child laughs at the joke.","The adult smiles at the memory."
"The train whistle blows loudly.","The bus engine hums quietly."
"The coffee brews in the kitchen.","The tea steeps in the pot."
"The dog greets me at the door.","The cat waits on the windowsill."
"The phone updates automatically.","The laptop needs a manual update."
"The beach waves crash rhythmically.","The river current flows steadily."
"The teacher explains with examples.","The tutor demonstrates with problems."
"The rain cools the air.","The sun warms the ground."
"The dog barks at the mailman.","The cat hisses at the dog."
"The clock ticks every second.","The metronome beats every measure."
"The festival features live music.","The fair offers fun rides."
"The pen rests on the notebook.","The pencil rolls off the table."
"The shirt dries in the sun.","The towel hangs in the bathroom."
"The river carves through the canyon.","The stream winds through the meadow."
"The museum hosts a new exhibit.","The library holds a book sale."
"The child builds a sandcastle.","The adult constructs a model."
"The sky glows with stars.","The city sparkles with lights."
"The rain patters on the roof.","The hail bounces off the ground."
"The dog fetches the ball.","The cat chases the laser."
"The book opens to the first page.","The diary locks with a key."
"The sun rises over the hills.","The moon sets behind the trees."
"The rain stops by noon.","The snow melts by spring."
"The teacher welcomes the students.","The principal addresses the parents."
"The phone charges on the desk.","The laptop plugs into the outlet."
"The market closes at dusk.","The store opens at dawn."
"The bird soars above the field.","The kite floats above the park."
"The car speeds down the highway.","The bike coasts down the hill."
"The soup warms on the burner.","The bread toasts in the oven."
"The runner stretches before the race.","The swimmer warms up before the meet."
"The clock glows in the dark.","The lamp dims at night."
"The festival ends with fireworks.","The ceremony concludes with speeches."